-- WEB-4243 - create merged operations/control centre auth tables

-- Data is extracted from prod using:
-- select u.username,u.passwd,u.user_real_name real_name from strataprod.USER u left outer join OPERATIONS_USER ou on u.username = ou.username
--   union
--   select ou.username,ou.passwd,ou.real_name `REAL_NAME` from strataprod.USER u right outer join OPERATIONS_USER ou on u.username = ou.username;
-- select u.username, r.authority as role from USER u, ROLE_PEOPLE rp, ROLE r where u.id = rp.user_id AND r.id = rp.role_id
--   union
--   select username, role from OPERATIONS_ROLE;
-- select distinct r.authority as role, r.description from ROLE r left outer join OPERATIONS_ROLE oro on r.authority = oro.role
--   union
--   select distinct oro.role, r.description from OPERATIONS_ROLE oro left join ROLE r on oro.role = r.authority;

CREATE TABLE OPERATIONS_ROLE (
  ROLE VARCHAR(32) NOT NULL,
  DESCRIPTION VARCHAR(255) NOT NULL,
  PRIMARY KEY (ROLE)
) ENGINE=InnoDB DEFAULT CHARSET=utf8#

INSERT INTO OPERATIONS_ROLE (ROLE, DESCRIPTION) VALUES
  ('ROLE_ROOT', 'Administers all Partners'),
  ('ROLE_GLOBAL_ADMIN', 'Administers all Partners'),
  ('ROLE_PARTNER_ADMIN', 'Administers selected partners'),
  ('ROLE_REPORTING', 'Runs Reports'),
  ('ROLE_MARKETING', 'Marketing manager'),
  ('ROLE_PAYMENTS', 'Payments manager'),
  ('ROLE_SUPPORT', 'Support'),
  ('ROLE_SUPPORT_MANAGER', 'Support manager'),
  ('ROLE_GAME', 'Games manager'),
  ('ROLE_AD_TRACKING', ''),
  ('ROLE_MANAGEMENT', ''),
  ('ROLE_INGAMING_TRACKING', '')#

CREATE TABLE OPERATIONS_USER (
  USERNAME VARCHAR(64) NOT NULL,
  `PASSWORD` VARCHAR(128) NOT NULL,
  REAL_NAME VARCHAR(128) DEFAULT NULL,
  PRIMARY KEY (USERNAME)
) ENGINE=InnoDB DEFAULT CHARSET=utf8#

INSERT INTO OPERATIONS_USER (USERNAME, `PASSWORD`, REAL_NAME) VALUES
  ('root', '02e1e0eb53cd50770f841a76fff12d820838b4ba', 'root'),
  ('alyssa', 'df311ba83e378f73e04e5fa270bdb2defcde3664', 'Alyssa Crankshaw'),
  ('guillaume', 'd26d0a54cca4cb6036c8abcfeb36d1e4107329c2', 'Guillaume Sampic'),
  ('mtan', 'bd799e86cb88570e6416c3e21af3c17957f5bee1', 'Melissa Tan'),
  ('hchahine', 'c861e093f75f0ce9d0e81b006a76727e9f0c2875', 'Hussein Chahine'),
  ('smalik', '14b71639c507b7ae02a93810ed83a0806382270d', 'Sameer Malik'),
  ('nassim', 'c9ede39cc2e4e603d91207c7a6986b860ae41a5c', 'Nassim Sbeiti'),
  ('rhabboushi', 'a443e8983c8ee2721091831ffb1c964aeae20afe', 'Ranim Habboushi'),
  ('dina.ani', '9161866fc7c7fd21eef633d8a9ad9ea1ebba838e', 'Dina Ani'),
  ('rhoberman', '99efe56d6a74daba63bbb199417363dfd7008163', 'Richard Hoberman'),
  ('adham.outa', '3abe9576cb28087e7838dc36c1623deea2eeb875', 'Adham Outa'),
  ('radwan.outa', 'fde90cf8d5a14939419e0c1a90008ba26e952f43', 'Radwan Outa'),
  ('hamsa.assi', '755a708bfb2fab07955b845f7029bef00e26d3eb', 'Hamsa Assi'),
  ('emad.hajj', 'fde90cf8d5a14939419e0c1a90008ba26e952f43', 'Emad Hajj'),
  ('hassan.saad', '2362c6381b97a80339cd1e4a49cb861d209b45a0', 'Hassan Saad'),
  ('rsandys', '1ca5712b4a28a142f8d7d3ce38f820b4df69e285', 'Ralf Sandys'),
  ('jshiell', '220695802dc58ca394fc7bb518b33489696b94db', 'James Shiell'),
  ('sansari', '7a243cc9e961b1c70d489695441248b587b5bb84', 'Stephan Ansari'),
  ('jwauchope', 'a214962a5f734762f71cbcc7d4deb177212ebba7', 'John Don Wauchope'),
  ('andy@atom42.co.uk', 'eaadf723319aded1bbf9b97c4291356a8afe9a73', 'Andy'),
  ('isanchez', 'ce3b6f30b46aa56d06c2db29fd749ce1a947fc84', 'Ivan Sanchez'),
  ('dseeto', 'aff01c6a26dedac5701977cdbab41ce673fb5440', 'Darren Seeto'),
  ('jrae', 'af9ba33ac28140c732d60fd8d9554c08bdd0ccb1', 'John Rae'),
  ('bdavis', 'ef3b7d2d25ea280caa8185a94d0e6fac85f4289d', 'Ben Davis'),
  ('testers', 'b0e76a37fb915adaaba47b044612143309324b73', ' '),
  ('admin', '1fa651582abf06d65dd6fdd5f7af3819997527a3', 'Administrator'),
  ('aelahmar', 'b0e76a37fb915adaaba47b044612143309324b73', 'Ali El Ahmar'),
  ('atzimorotas', 'e6e957ff2fe232b722eeb6185fce45bda986c325', 'Tasos Tzimorotas'),
  ('damjan', '29a3e79d9cb21c165033f0d30c3e6130f2e7da95', 'Damjan Vujnovic'),
  ('ingaming', '801ba536c78e84c445bc35bde63dad43f7d20a06', 'Partner INGAMING'),
  ('jwalker', '961ad07e60156cd639f49eb267f811893e0b69ac', 'Jack Walker'),
  ('kbonsels', '266bca9032e19eda0e1b6b11755ef443ae0be6e1', 'Keith Bonsels'),
  ('mbaker', '15760d7b9e6dd1ca0cbfe3d25469fd2f16f27fe9', 'Mat Baker'),
  ('mlukasik', 'bda31b45a52084be679350d17c69ec410630e4ca', 'Martin Lukasik'),
  ('mustafa.chamseddine', '474f0d65b734c1508f517a65dadc6c1850c8699d', 'Mustafa Chamseddine'),
  ('nabumaarouf@signtechno.co.uk', '2a3f3faa6f6ff738e7449f0a176025b44c612ba0', 'Nadia Abu Maarouf'),
  ('nnsouli', '34f8d6b5985afaa0e238ae8243112777b4277bf4', 'Nazek Nsouli'),
  ('rchahine', 'c861e093f75f0ce9d0e81b006a76727e9f0c2875', 'Rana Chahine'),
  ('sayoub', 'ef28a772f49f74a35955fccba933e6549c592be0', 'Sabine Ayoub'),
  ('selenium', 'f0042bfcabc74598754ce800a9c36afda26b987d', 'Selenium Tester'),
  ('shaj', 'f1b4370b0bb533c38c230cd8a901da10ed0a1960', 'Emad Haj')#

CREATE TABLE OPERATIONS_USER_ROLE (
  USERNAME VARCHAR(64) NOT NULL,
  ROLE VARCHAR(32) NOT NULL,
  PRIMARY KEY (USERNAME,ROLE)
) ENGINE=InnoDB DEFAULT CHARSET=utf8#

INSERT INTO OPERATIONS_USER_ROLE (USERNAME, ROLE) VALUES
  ('root', 'ROLE_GAME'),
  ('admin', 'ROLE_GAME'),
  ('game', 'ROLE_GAME'),
  ('mtan', 'ROLE_GAME'),
  ('hchahine', 'ROLE_GAME'),
  ('smalik', 'ROLE_GAME'),
  ('readonly', 'ROLE_GAME'),
  ('rhoberman', 'ROLE_GAME'),
  ('Deployment', 'ROLE_GAME'),
  ('masscredit', 'ROLE_GAME'),
  ('tournament', 'ROLE_GAME'),
  ('root', 'ROLE_GLOBAL_ADMIN'),
  ('admin', 'ROLE_GLOBAL_ADMIN'),
  ('mtan', 'ROLE_GLOBAL_ADMIN'),
  ('hchahine', 'ROLE_GLOBAL_ADMIN'),
  ('smalik', 'ROLE_GLOBAL_ADMIN'),
  ('readonly', 'ROLE_GLOBAL_ADMIN'),
  ('rhoberman', 'ROLE_GLOBAL_ADMIN'),
  ('Deployment', 'ROLE_GLOBAL_ADMIN'),
  ('masscredit', 'ROLE_GLOBAL_ADMIN'),
  ('root', 'ROLE_MARKETING'),
  ('admin', 'ROLE_MARKETING'),
  ('marketing', 'ROLE_MARKETING'),
  ('alyssa', 'ROLE_MARKETING'),
  ('guillaume', 'ROLE_MARKETING'),
  ('philp', 'ROLE_MARKETING'),
  ('laurent', 'ROLE_MARKETING'),
  ('mtan', 'ROLE_MARKETING'),
  ('hchahine', 'ROLE_MARKETING'),
  ('smalik', 'ROLE_MARKETING'),
  ('readonly', 'ROLE_MARKETING'),
  ('rhoberman', 'ROLE_MARKETING'),
  ('Deployment', 'ROLE_MARKETING'),
  ('masscredit', 'ROLE_MARKETING'),
  ('root', 'ROLE_PARTNER_ADMIN'),
  ('facebook', 'ROLE_PARTNER_ADMIN'),
  ('mtan', 'ROLE_PARTNER_ADMIN'),
  ('hchahine', 'ROLE_PARTNER_ADMIN'),
  ('smalik', 'ROLE_PARTNER_ADMIN'),
  ('readonly', 'ROLE_PARTNER_ADMIN'),
  ('rhoberman', 'ROLE_PARTNER_ADMIN'),
  ('Deployment', 'ROLE_PARTNER_ADMIN'),
  ('masscredit', 'ROLE_PARTNER_ADMIN'),
  ('root', 'ROLE_PAYMENTS'),
  ('admin', 'ROLE_PAYMENTS'),
  ('guillaume', 'ROLE_PAYMENTS'),
  ('philp', 'ROLE_PAYMENTS'),
  ('mtan', 'ROLE_PAYMENTS'),
  ('hchahine', 'ROLE_PAYMENTS'),
  ('smalik', 'ROLE_PAYMENTS'),
  ('readonly', 'ROLE_PAYMENTS'),
  ('rhoberman', 'ROLE_PAYMENTS'),
  ('Deployment', 'ROLE_PAYMENTS'),
  ('masscredit', 'ROLE_PAYMENTS'),
  ('root', 'ROLE_REPORTING'),
  ('reporting', 'ROLE_REPORTING'),
  ('mtan', 'ROLE_REPORTING'),
  ('hchahine', 'ROLE_REPORTING'),
  ('smalik', 'ROLE_REPORTING'),
  ('readonly', 'ROLE_REPORTING'),
  ('rhoberman', 'ROLE_REPORTING'),
  ('Deployment', 'ROLE_REPORTING'),
  ('masscredit', 'ROLE_REPORTING'),
  ('root', 'ROLE_ROOT'),
  ('mtan', 'ROLE_ROOT'),
  ('hchahine', 'ROLE_ROOT'),
  ('smalik', 'ROLE_ROOT'),
  ('readonly', 'ROLE_ROOT'),
  ('rhoberman', 'ROLE_ROOT'),
  ('Deployment', 'ROLE_ROOT'),
  ('masscredit', 'ROLE_ROOT'),
  ('root', 'ROLE_SUPPORT'),
  ('admin', 'ROLE_SUPPORT'),
  ('don', 'ROLE_SUPPORT'),
  ('support', 'ROLE_SUPPORT'),
  ('support_manager', 'ROLE_SUPPORT'),
  ('guillaume', 'ROLE_SUPPORT'),
  ('philp', 'ROLE_SUPPORT'),
  ('laurent', 'ROLE_SUPPORT'),
  ('rana', 'ROLE_SUPPORT'),
  ('mtan', 'ROLE_SUPPORT'),
  ('hchahine', 'ROLE_SUPPORT'),
  ('smalik', 'ROLE_SUPPORT'),
  ('nassim', 'ROLE_SUPPORT'),
  ('rhabboushi', 'ROLE_SUPPORT'),
  ('dina.ani', 'ROLE_SUPPORT'),
  ('readonly', 'ROLE_SUPPORT'),
  ('rhoberman', 'ROLE_SUPPORT'),
  ('Deployment', 'ROLE_SUPPORT'),
  ('adham.outa', 'ROLE_SUPPORT'),
  ('radwan.outa', 'ROLE_SUPPORT'),
  ('hamsa.assi', 'ROLE_SUPPORT'),
  ('masscredit', 'ROLE_SUPPORT'),
  ('emad.hajj', 'ROLE_SUPPORT'),
  ('ahmad.hamwi', 'ROLE_SUPPORT'),
  ('root', 'ROLE_SUPPORT_MANAGER'),
  ('admin', 'ROLE_SUPPORT_MANAGER'),
  ('don', 'ROLE_SUPPORT_MANAGER'),
  ('support_manager', 'ROLE_SUPPORT_MANAGER'),
  ('donc', 'ROLE_SUPPORT_MANAGER'),
  ('laurent', 'ROLE_SUPPORT_MANAGER'),
  ('rana', 'ROLE_SUPPORT_MANAGER'),
  ('mtan', 'ROLE_SUPPORT_MANAGER'),
  ('hchahine', 'ROLE_SUPPORT_MANAGER'),
  ('smalik', 'ROLE_SUPPORT_MANAGER'),
  ('nassim', 'ROLE_SUPPORT_MANAGER'),
  ('rhabboushi', 'ROLE_SUPPORT_MANAGER'),
  ('dina.ani', 'ROLE_SUPPORT_MANAGER'),
  ('readonly', 'ROLE_SUPPORT_MANAGER'),
  ('rhoberman', 'ROLE_SUPPORT_MANAGER'),
  ('Deployment', 'ROLE_SUPPORT_MANAGER'),
  ('adham.outa', 'ROLE_SUPPORT_MANAGER'),
  ('radwan.outa', 'ROLE_SUPPORT_MANAGER'),
  ('hamsa.assi', 'ROLE_SUPPORT_MANAGER'),
  ('masscredit', 'ROLE_SUPPORT_MANAGER'),
  ('emad.hajj', 'ROLE_SUPPORT_MANAGER'),
  ('ahmad.hamwi', 'ROLE_SUPPORT_MANAGER'),
  ('admin', 'ROLE_AD_TRACKING'),
  ('admin', 'ROLE_MANAGEMENT'),
  ('admin', 'ROLE_ROOT'),
  ('aelahmar', 'ROLE_AD_TRACKING'),
  ('aelahmar', 'ROLE_MANAGEMENT'),
  ('aelahmar', 'ROLE_MARKETING'),
  ('aelahmar', 'ROLE_SUPPORT'),
  ('alyssa', 'ROLE_AD_TRACKING'),
  ('alyssa', 'ROLE_MANAGEMENT'),
  ('alyssa', 'ROLE_ROOT'),
  ('alyssa', 'ROLE_SUPPORT'),
  ('alyssa', 'ROLE_SUPPORT_MANAGER'),
  ('atzimorotas', 'ROLE_AD_TRACKING'),
  ('atzimorotas', 'ROLE_INGAMING_TRACKING'),
  ('atzimorotas', 'ROLE_MANAGEMENT'),
  ('atzimorotas', 'ROLE_MARKETING'),
  ('atzimorotas', 'ROLE_ROOT'),
  ('atzimorotas', 'ROLE_SUPPORT'),
  ('atzimorotas', 'ROLE_SUPPORT_MANAGER'),
  ('bdavis', 'ROLE_MARKETING'),
  ('bdavis', 'ROLE_SUPPORT'),
  ('bdavis', 'ROLE_SUPPORT_MANAGER'),
  ('damjan', 'ROLE_AD_TRACKING'),
  ('damjan', 'ROLE_MANAGEMENT'),
  ('damjan', 'ROLE_MARKETING'),
  ('damjan', 'ROLE_ROOT'),
  ('damjan', 'ROLE_SUPPORT'),
  ('damjan', 'ROLE_SUPPORT_MANAGER'),
  ('dseeto', 'ROLE_AD_TRACKING'),
  ('dseeto', 'ROLE_MANAGEMENT'),
  ('dseeto', 'ROLE_MARKETING'),
  ('dseeto', 'ROLE_ROOT'),
  ('dseeto', 'ROLE_SUPPORT'),
  ('dseeto', 'ROLE_SUPPORT_MANAGER'),
  ('guillaume', 'ROLE_AD_TRACKING'),
  ('guillaume', 'ROLE_INGAMING_TRACKING'),
  ('guillaume', 'ROLE_MANAGEMENT'),
  ('guillaume', 'ROLE_ROOT'),
  ('guillaume', 'ROLE_SUPPORT_MANAGER'),
  ('hchahine', 'ROLE_MANAGEMENT'),
  ('ingaming', 'ROLE_INGAMING_TRACKING'),
  ('isanchez', 'ROLE_AD_TRACKING'),
  ('isanchez', 'ROLE_INGAMING_TRACKING'),
  ('isanchez', 'ROLE_MANAGEMENT'),
  ('isanchez', 'ROLE_MARKETING'),
  ('isanchez', 'ROLE_ROOT'),
  ('isanchez', 'ROLE_GLOBAL_ADMIN'),
  ('isanchez', 'ROLE_SUPPORT'),
  ('isanchez', 'ROLE_SUPPORT_MANAGER'),
  ('jrae', 'ROLE_AD_TRACKING'),
  ('jrae', 'ROLE_MANAGEMENT'),
  ('jrae', 'ROLE_MARKETING'),
  ('jrae', 'ROLE_ROOT'),
  ('jrae', 'ROLE_SUPPORT'),
  ('jrae', 'ROLE_SUPPORT_MANAGER'),
  ('jshiell', 'ROLE_MANAGEMENT'),
  ('jshiell', 'ROLE_MARKETING'),
  ('jshiell', 'ROLE_ROOT'),
  ('jshiell', 'ROLE_GLOBAL_ADMIN'),
  ('jshiell', 'ROLE_SUPPORT'),
  ('jwalker', 'ROLE_MARKETING'),
  ('jwalker', 'ROLE_SUPPORT'),
  ('jwalker', 'ROLE_SUPPORT_MANAGER'),
  ('jwauchope', 'ROLE_AD_TRACKING'),
  ('jwauchope', 'ROLE_MANAGEMENT'),
  ('jwauchope', 'ROLE_MARKETING'),
  ('jwauchope', 'ROLE_ROOT'),
  ('jwauchope', 'ROLE_GLOBAL_ADMIN'),
  ('jwauchope', 'ROLE_SUPPORT'),
  ('jwauchope', 'ROLE_SUPPORT_MANAGER'),
  ('kbonsels', 'ROLE_MANAGEMENT'),
  ('kbonsels', 'ROLE_MARKETING'),
  ('kbonsels', 'ROLE_SUPPORT'),
  ('kbonsels', 'ROLE_SUPPORT_MANAGER'),
  ('mbaker', 'ROLE_SUPPORT'),
  ('mbaker', 'ROLE_SUPPORT_MANAGER'),
  ('mlukasik', 'ROLE_AD_TRACKING'),
  ('mlukasik', 'ROLE_MANAGEMENT'),
  ('mlukasik', 'ROLE_MARKETING'),
  ('mlukasik', 'ROLE_ROOT'),
  ('mlukasik', 'ROLE_GLOBAL_ADMIN'),
  ('mlukasik', 'ROLE_SUPPORT'),
  ('mlukasik', 'ROLE_SUPPORT_MANAGER'),
  ('mtan', 'ROLE_AD_TRACKING'),
  ('mtan', 'ROLE_MANAGEMENT'),
  ('mustafa.chamseddine', 'ROLE_SUPPORT'),
  ('mustafa.chamseddine', 'ROLE_SUPPORT_MANAGER'),
  ('nabumaarouf@signtechno.co.uk', 'ROLE_SUPPORT'),
  ('nabumaarouf@signtechno.co.uk', 'ROLE_SUPPORT_MANAGER'),
  ('nnsouli', 'ROLE_SUPPORT'),
  ('nnsouli', 'ROLE_SUPPORT_MANAGER'),
  ('rchahine', 'ROLE_MANAGEMENT'),
  ('rchahine', 'ROLE_MARKETING'),
  ('rchahine', 'ROLE_ROOT'),
  ('rchahine', 'ROLE_SUPPORT'),
  ('rchahine', 'ROLE_SUPPORT_MANAGER'),
  ('rhoberman', 'ROLE_MANAGEMENT'),
  ('rsandys', 'ROLE_AD_TRACKING'),
  ('rsandys', 'ROLE_MANAGEMENT'),
  ('rsandys', 'ROLE_MARKETING'),
  ('rsandys', 'ROLE_ROOT'),
  ('rsandys', 'ROLE_SUPPORT'),
  ('rsandys', 'ROLE_SUPPORT_MANAGER'),
  ('sansari', 'ROLE_AD_TRACKING'),
  ('sansari', 'ROLE_MANAGEMENT'),
  ('sansari', 'ROLE_MARKETING'),
  ('sansari', 'ROLE_ROOT'),
  ('sansari', 'ROLE_SUPPORT'),
  ('sansari', 'ROLE_SUPPORT_MANAGER'),
  ('sayoub', 'ROLE_SUPPORT'),
  ('sayoub', 'ROLE_SUPPORT_MANAGER'),
  ('selenium', 'ROLE_MANAGEMENT'),
  ('selenium', 'ROLE_MARKETING'),
  ('selenium', 'ROLE_ROOT'),
  ('selenium', 'ROLE_SUPPORT'),
  ('shaj', 'ROLE_SUPPORT'),
  ('shaj', 'ROLE_SUPPORT_MANAGER'),
  ('smalik', 'ROLE_MANAGEMENT')#

CREATE TABLE OPERATIONS_PLATFORM (
  USERNAME VARCHAR(64) NOT NULL,
  PLATFORM VARCHAR(32) NOT NULL,
  PRIMARY KEY (USERNAME,PLATFORM)
) ENGINE=InnoDB DEFAULT CHARSET=utf8#

INSERT INTO OPERATIONS_PLATFORM (USERNAME,PLATFORM) VALUES
  ('admin', 'IOS'),
  ('admin', 'WEB'),
  ('aelahmar', 'ANDROID'),
  ('aelahmar', 'FACEBOOK_CANVAS'),
  ('aelahmar', 'IOS'),
  ('aelahmar', 'WEB'),
  ('alyssa', 'ANDROID'),
  ('alyssa', 'FACEBOOK_CANVAS'),
  ('alyssa', 'IOS'),
  ('alyssa', 'WEB'),
  ('atzimorotas', 'ANDROID'),
  ('atzimorotas', 'FACEBOOK_CANVAS'),
  ('atzimorotas', 'IOS'),
  ('atzimorotas', 'WEB'),
  ('bdavis', 'ANDROID'),
  ('bdavis', 'FACEBOOK_CANVAS'),
  ('bdavis', 'IOS'),
  ('bdavis', 'WEB'),
  ('damjan', 'ANDROID'),
  ('damjan', 'FACEBOOK_CANVAS'),
  ('damjan', 'IOS'),
  ('damjan', 'WEB'),
  ('dseeto', 'ANDROID'),
  ('dseeto', 'FACEBOOK_CANVAS'),
  ('dseeto', 'IOS'),
  ('dseeto', 'WEB'),
  ('guillaume', 'ANDROID'),
  ('guillaume', 'FACEBOOK_CANVAS'),
  ('guillaume', 'IOS'),
  ('guillaume', 'WEB'),
  ('ingaming', 'ANDROID'),
  ('ingaming', 'FACEBOOK_CANVAS'),
  ('ingaming', 'IOS'),
  ('ingaming', 'WEB'),
  ('isanchez', 'ANDROID'),
  ('isanchez', 'FACEBOOK_CANVAS'),
  ('isanchez', 'IOS'),
  ('isanchez', 'WEB'),
  ('jrae', 'ANDROID'),
  ('jrae', 'FACEBOOK_CANVAS'),
  ('jrae', 'IOS'),
  ('jrae', 'WEB'),
  ('jwalker', 'ANDROID'),
  ('jwalker', 'FACEBOOK_CANVAS'),
  ('jwalker', 'IOS'),
  ('jwalker', 'WEB'),
  ('mbaker', 'ANDROID'),
  ('mbaker', 'FACEBOOK_CANVAS'),
  ('mbaker', 'IOS'),
  ('mbaker', 'WEB'),
  ('mlukasik', 'ANDROID'),
  ('mlukasik', 'FACEBOOK_CANVAS'),
  ('mlukasik', 'IOS'),
  ('mlukasik', 'WEB'),
  ('mtan', 'ANDROID'),
  ('mtan', 'FACEBOOK_CANVAS'),
  ('mtan', 'IOS'),
  ('mtan', 'WEB'),
  ('mustafa.chamseddine', 'ANDROID'),
  ('mustafa.chamseddine', 'FACEBOOK_CANVAS'),
  ('mustafa.chamseddine', 'IOS'),
  ('mustafa.chamseddine', 'WEB'),
  ('nabumaarouf@signtechno.co.uk', 'ANDROID'),
  ('nabumaarouf@signtechno.co.uk', 'FACEBOOK_CANVAS'),
  ('nabumaarouf@signtechno.co.uk', 'IOS'),
  ('nabumaarouf@signtechno.co.uk', 'WEB'),
  ('nassim', 'IOS'),
  ('nassim', 'WEB'),
  ('nnsouli', 'ANDROID'),
  ('nnsouli', 'FACEBOOK_CANVAS'),
  ('nnsouli', 'IOS'),
  ('nnsouli', 'WEB'),
  ('radwan.outa', 'ANDROID'),
  ('radwan.outa', 'FACEBOOK_CANVAS'),
  ('radwan.outa', 'IOS'),
  ('radwan.outa', 'WEB'),
  ('rchahine', 'ANDROID'),
  ('rchahine', 'FACEBOOK_CANVAS'),
  ('rchahine', 'IOS'),
  ('rchahine', 'WEB'),
  ('rsandys', 'ANDROID'),
  ('rsandys', 'FACEBOOK_CANVAS'),
  ('rsandys', 'IOS'),
  ('rsandys', 'WEB'),
  ('sansari', 'ANDROID'),
  ('sansari', 'FACEBOOK_CANVAS'),
  ('sansari', 'IOS'),
  ('sansari', 'WEB'),
  ('sayoub', 'ANDROID'),
  ('sayoub', 'FACEBOOK_CANVAS'),
  ('sayoub', 'IOS'),
  ('sayoub', 'WEB'),
  ('shaj', 'ANDROID'),
  ('shaj', 'FACEBOOK_CANVAS'),
  ('shaj', 'IOS'),
  ('shaj', 'WEB')#
