SET FOREIGN_KEY_CHECKS = 0
#

TRUNCATE TABLE  TOURNAMENT_VARIATION_TEMPLATE
#

INSERT INTO TOURNAMENT_VARIATION_TEMPLATE (TOURNAMENT_VARIATION_TEMPLATE_ID, TOURNAMENT_TYPE, NAME, VERSION, ENTRY_FEE, SERVICE_FEE, STARTING_CHIPS, MIN_PLAYERS, MAX_PLAYERS, GAME_TYPE, EXPIRY_DELAY, PRIZE_POOL, ALLOCATOR)
VALUES
  (1,'PRESET','Half hour tournament',0,100.0000,0.0000,1000.0000,3,50,'BLACKJACK',86400000,NULL,'EVEN_BY_BALANCE'),
  (2,'PRESET','Daily blackjack competition',0,1000.0000,0.0000,1000.0000,3,1000,'BLACKJACK',86400000,NULL,'EVEN_BY_BALANCE'),
  (3,'PRESET','1K blackjack',7,1000.0000,0.0000,1000.0000,3,1000,'BLACKJACK',86400000,40000.0000,'EVEN_RANDOM'),
  (4,'PRESET','The Round Up',0,0.0000,1000.0000,1000.0000,3,50,'TEXAS_HOLDEM',86400000,40000.0000,'EVEN_RANDOM'),
  (5,'PRESET','Round-Up',0,0.0000,1000.0000,1000.0000,3,50,'TEXAS_HOLDEM',86400000,40000.0000,'EVEN_RANDOM'),
  (6,'PRESET','RoundUp',0,0.0000,1000.0000,1000.0000,3,50,'TEXAS_HOLDEM',86400000,40000.0000,'EVEN_RANDOM'),
  (7,'PRESET','1K texas',5,1000.0000,0.0000,1000.0000,3,100,'TEXAS_HOLDEM',86400000,40000.0000,'EVEN_RANDOM'),
  (8,'PRESET','special texas',5,1000.0000,0.0000,1000.0000,3,1000,'TEXAS_HOLDEM',86400000,400000.0000,'EVEN_RANDOM'),
  (9,'PRESET','special blackjack',4,1000.0000,0.0000,1000.0000,3,1000,'BLACKJACK',86400000,400000.0000,'EVEN_RANDOM'),
  (10,'PRESET','100k texas',1,100000.0000,0.0000,1000.0000,5,500,'TEXAS_HOLDEM',86400000,1000000.0000,'EVEN_RANDOM'),
  (11,'PRESET','100k blackjack',1,100000.0000,0.0000,1000.0000,5,500,'BLACKJACK',86400000,1000000.0000,'EVEN_RANDOM'),
  (12,'PRESET','1m texas',0,25000.0000,0.0000,1000.0000,3,500,'TEXAS_HOLDEM',86400000,1000000.0000,'EVEN_RANDOM'),
  (13,'PRESET','1m blackjack',0,25000.0000,0.0000,1000.0000,3,500,'BLACKJACK',86400000,1000000.0000,'EVEN_RANDOM'),
  (14,'PRESET','5m blackjack',0,100000.0000,0.0000,1000.0000,3,500,'BLACKJACK',86400000,5000000.0000,'EVEN_RANDOM'),
  (15,'PRESET','5m texas',0,100000.0000,0.0000,1000.0000,3,500,'TEXAS_HOLDEM',86400000,5000000.0000,'EVEN_RANDOM'),
  (16,'PRESET','10K texas',0,10000.0000,0.0000,1000.0000,3,1000,'TEXAS_HOLDEM',86400000,100000.0000,'EVEN_RANDOM'),
  (17,'PRESET','10K blackjack',0,10000.0000,0.0000,1000.0000,3,1000,'BLACKJACK',86400000,100000.0000,'EVEN_RANDOM'),
  (18,'PRESET','50K texas',2,50000.0000,0.0000,1000.0000,3,1000,'TEXAS_HOLDEM',86400000,500000.0000,'EVEN_RANDOM'),
  (20,'PRESET','50K blackjack',2,50000.0000,0.0000,1000.0000,3,1000,'BLACKJACK',86400000,500000.0000,'EVEN_RANDOM'),
  (21,'PRESET','2.5K texas',0,2500.0000,0.0000,1000.0000,3,1000,'TEXAS_HOLDEM',86400000,50000.0000,'EVEN_RANDOM'),
  (22,'PRESET','2.5K blackjack',1,2500.0000,0.0000,1000.0000,3,1000,'BLACKJACK',86400000,50000.0000,'EVEN_RANDOM')
#

TRUNCATE TABLE  TOURNAMENT_VARIATION_ROUND
#

INSERT INTO TOURNAMENT_VARIATION_ROUND (TOURNAMENT_VARIATION_ROUND_ID, TOURNAMENT_VARIATION_TEMPLATE_ID, ROUND_NUMBER, ROUND_END_INTERVAL, ROUND_LENGTH, GAME_VARIATION_TEMPLATE_ID, CLIENT_PROPERTIES_ID, VERSION, MINIMUM_BALANCE, DESCRIPTION)
VALUES
  (1,1,1,0,300000,69,'Blue Blackjack for Tournaments',0,100.0000,'100'),
  (2,1,2,0,300000,70,'Red Blackjack For Tournaments',0,200.0000,'200'),
  (3,1,3,120000,300000,71,'Blue Blackjack for Tournaments',0,300.0000,'300'),
  (4,1,4,0,300000,72,'Red Blackjack For Tournaments',0,400.0000,'400'),
  (5,1,5,120000,300000,73,'Red Blackjack For Tournaments',0,500.0000,'500'),
  (6,1,6,0,300000,74,'Blue Blackjack for Tournaments',0,600.0000,'600'),
  (7,2,1,0,300000,92,'Red Blackjack For Tournaments',0,100.0000,'100'),
  (8,2,2,0,300000,92,'Red Blackjack For Tournaments',0,200.0000,'200'),
  (9,2,3,0,300000,92,'Red Blackjack For Tournaments',0,300.0000,'300'),
  (10,2,4,120000,300000,92,'Red Blackjack For Tournaments',0,400.0000,'400'),
  (11,2,5,0,300000,92,'Red Blackjack For Tournaments',0,500.0000,'500'),
  (12,2,6,0,300000,92,'Red Blackjack For Tournaments',0,600.0000,'600'),
  (13,2,7,0,300000,92,'Red Blackjack For Tournaments',0,700.0000,'700'),
  (14,2,8,120000,300000,92,'Red Blackjack For Tournaments',0,800.0000,'800'),
  (15,2,9,0,300000,92,'Red Blackjack For Tournaments',0,900.0000,'900'),
  (16,2,10,0,300000,92,'Red Blackjack For Tournaments',0,1000.0000,'1000'),
  (17,3,1,0,300000,93,'Blue Blackjack for Tournaments',0,100.0000,'100'),
  (18,3,2,0,300000,94,'Blue Blackjack for Tournaments',0,200.0000,'200'),
  (19,3,3,0,300000,95,'Blue Blackjack for Tournaments',0,300.0000,'300'),
  (20,3,4,200000,300000,96,'Blue Blackjack for Tournaments',0,400.0000,'400'),
  (21,3,5,0,300000,97,'Blue Blackjack for Tournaments',0,500.0000,'500'),
  (22,3,6,0,300000,98,'Blue Blackjack for Tournaments',0,600.0000,'600'),
  (23,3,7,180000,300000,99,'Blue Blackjack for Tournaments',0,700.0000,'700'),
  (24,3,8,0,300000,100,'Blue Blackjack for Tournaments',0,800.0000,'800'),
  (25,3,9,0,300000,101,'Blue Blackjack for Tournaments',0,900.0000,'900'),
  (26,3,10,0,300000,102,'Blue Blackjack for Tournaments',0,1000.0000,'1000'),
  (27,4,1,0,300000,112,'Default Texas Holdem Poker',0,1.0000,'25 / 50'),
  (28,4,2,0,300000,103,'Default Texas Holdem Poker',0,1.0000,'50 / 100'),
  (29,4,3,0,300000,104,'Default Texas Holdem Poker',0,1.0000,'75 / 150'),
  (30,4,4,240000,300000,105,'Default Texas Holdem Poker',0,1.0000,'100 / 200'),
  (31,4,5,0,300000,106,'Default Texas Holdem Poker',0,1.0000,'150 / 300'),
  (32,4,6,0,300000,107,'Default Texas Holdem Poker',0,1.0000,'200 / 400'),
  (33,4,7,180000,300000,108,'Default Texas Holdem Poker',0,1.0000,'300 / 600'),
  (34,4,8,0,300000,109,'Default Texas Holdem Poker',0,1.0000,'500 / 1000'),
  (35,4,9,0,300000,110,'Default Texas Holdem Poker',0,1.0000,'1000 / 2000'),
  (36,4,10,0,300000,111,'Default Texas Holdem Poker',0,1.0000,'2000 / 4000'),
  (37,5,1,0,300000,112,'Default Texas Holdem Poker',0,1.0000,'25 / 50'),
  (38,5,2,0,300000,103,'Default Texas Holdem Poker',0,1.0000,'50 / 100'),
  (39,5,3,0,300000,104,'Default Texas Holdem Poker',0,1.0000,'75 / 150'),
  (40,5,4,0,300000,105,'Default Texas Holdem Poker',0,1.0000,'100 / 200'),
  (41,5,5,200000,300000,106,'Default Texas Holdem Poker',0,1.0000,'150 / 300'),
  (42,5,6,0,300000,107,'Default Texas Holdem Poker',0,1.0000,'200 / 400'),
  (43,5,7,0,300000,108,'Default Texas Holdem Poker',0,1.0000,'500/1000'),
  (44,6,1,0,300000,112,'Default Texas Holdem Poker',0,1.0000,'25/50'),
  (45,6,2,0,300000,103,'Default Texas Holdem Poker',0,1.0000,'50/100'),
  (46,6,3,0,300000,104,'Default Texas Holdem Poker',0,1.0000,'75/150'),
  (47,6,4,0,300000,105,'Default Texas Holdem Poker',0,1.0000,'100/200'),
  (48,6,5,200000,300000,106,'Default Texas Holdem Poker',0,1.0000,'150/300'),
  (49,6,6,0,300000,107,'Default Texas Holdem Poker',0,1.0000,'200/400'),
  (50,6,7,0,300000,108,'Default Texas Holdem Poker',0,1.0000,'300/600'),
  (51,6,8,0,300000,109,'Default Texas Holdem Poker',0,1.0000,'500/1000'),
  (52,6,9,0,300000,110,'Default Texas Holdem Poker',0,1.0000,'1000/2000'),
  (53,6,10,60000,300000,111,'Default Texas Holdem Poker',0,1.0000,'2000/4000'),
  (54,7,1,0,600000,119,'Default Texas Holdem Poker',0,1.0000,'25/50'),
  (55,7,2,0,600000,120,'Default Texas Holdem Poker',0,1.0000,'75/150'),
  (56,7,3,0,600000,121,'Default Texas Holdem Poker',0,1.0000,'200/400'),
  (57,7,4,0,600000,122,'Default Texas Holdem Poker',0,1.0000,'500/1000'),
  (58,7,5,0,600000,123,'Default Texas Holdem Poker',0,1.0000,'1200/2400'),
  (59,8,1,0,600000,137,'Default Texas Holdem Poker',0,1.0000,'25/50'),
  (60,8,2,0,600000,138,'Default Texas Holdem Poker',0,1.0000,'50/100'),
  (61,8,3,0,600000,139,'Default Texas Holdem Poker',0,1.0000,'100/200'),
  (62,8,4,0,600000,140,'Default Texas Holdem Poker',0,1.0000,'200/400'),
  (63,8,5,600000,600000,141,'Default Texas Holdem Poker',0,1.0000,'400/800'),
  (64,8,6,0,600000,142,'Default Texas Holdem Poker',0,1.0000,'800/1600'),
  (65,8,7,0,600000,143,'Default Texas Holdem Poker',0,1.0000,'1.6K/3.2K'),
  (66,8,8,0,600000,145,'Default Texas Holdem Poker',0,1.0000,'3.2K/6.4K'),
  (67,8,9,0,600000,146,'Default Texas Holdem Poker',0,1.0000,'6.4K/12.8K'),
  (68,8,10,60000,600000,147,'Default Texas Holdem Poker',0,1.0000,'12.8K/25.6K'),
  (69,9,1,0,300000,93,'Blue Blackjack for Tournaments',0,100.0000,'100'),
  (70,9,2,0,300000,94,'Blue Blackjack for Tournaments',0,200.0000,'200'),
  (71,9,3,0,300000,95,'Blue Blackjack for Tournaments',0,300.0000,'300'),
  (72,9,4,0,300000,96,'Blue Blackjack for Tournaments',0,400.0000,'400'),
  (73,9,5,0,300000,97,'Blue Blackjack for Tournaments',0,500.0000,'500'),
  (74,9,6,0,300000,98,'Blue Blackjack for Tournaments',0,600.0000,'600'),
  (75,9,7,0,300000,99,'Blue Blackjack for Tournaments',0,700.0000,'700'),
  (76,9,8,0,300000,100,'Blue Blackjack for Tournaments',0,800.0000,'800'),
  (77,9,9,0,300000,101,'Blue Blackjack for Tournaments',0,900.0000,'900'),
  (78,9,10,60000,300000,102,'Blue Blackjack for Tournaments',0,1000.0000,'1000'),
  (79,10,1,0,600000,119,'Default Texas Holdem Poker',0,1.0000,'25/50'),
  (80,10,2,0,600000,120,'Default Texas Holdem Poker',0,1.0000,'75/150'),
  (81,10,3,0,600000,121,'Default Texas Holdem Poker',0,1.0000,'200/400'),
  (82,10,4,0,600000,122,'Default Texas Holdem Poker',0,1.0000,'500/1000'),
  (83,10,5,60000,600000,123,'Default Texas Holdem Poker',0,1.0000,'1200/2400'),
  (84,11,1,0,300000,93,'Blue Blackjack for Tournaments',0,100.0000,'100'),
  (85,11,2,0,300000,94,'Blue Blackjack for Tournaments',0,200.0000,'200'),
  (86,11,3,0,300000,95,'Blue Blackjack for Tournaments',0,300.0000,'300'),
  (87,11,4,0,300000,96,'Blue Blackjack for Tournaments',0,400.0000,'400'),
  (88,11,5,0,300000,97,'Blue Blackjack for Tournaments',0,500.0000,'500'),
  (89,11,6,0,300000,98,'Blue Blackjack for Tournaments',0,600.0000,'600'),
  (90,11,7,0,300000,99,'Blue Blackjack for Tournaments',0,700.0000,'700'),
  (91,11,8,0,300000,100,'Blue Blackjack for Tournaments',0,800.0000,'800'),
  (92,11,9,0,300000,101,'Blue Blackjack for Tournaments',0,900.0000,'900'),
  (93,11,10,60000,300000,102,'Blue Blackjack for Tournaments',0,1000.0000,'1000'),
  (94,12,1,0,600000,119,'Default Texas Holdem Poker',0,1.0000,'25/50'),
  (95,12,2,0,600000,120,'Default Texas Holdem Poker',0,1.0000,'75/150'),
  (96,12,3,0,600000,121,'Default Texas Holdem Poker',0,1.0000,'200/400'),
  (97,12,4,0,600000,122,'Default Texas Holdem Poker',0,1.0000,'500/1000'),
  (98,12,5,60000,600000,123,'Default Texas Holdem Poker',0,1.0000,'1200/2400'),
  (99,13,1,0,300000,93,'Blue Blackjack for Tournaments',0,100.0000,'100'),
  (100,13,2,0,300000,94,'Blue Blackjack for Tournaments',0,200.0000,'200'),
  (101,13,3,0,300000,95,'Blue Blackjack for Tournaments',0,300.0000,'300'),
  (102,13,4,0,300000,96,'Blue Blackjack for Tournaments',0,400.0000,'400'),
  (103,13,5,0,300000,97,'Blue Blackjack for Tournaments',0,500.0000,'500'),
  (104,13,6,0,300000,98,'Blue Blackjack for Tournaments',0,600.0000,'600'),
  (105,13,7,0,300000,99,'Blue Blackjack for Tournaments',0,700.0000,'700'),
  (106,13,8,0,300000,100,'Blue Blackjack for Tournaments',0,800.0000,'800'),
  (107,13,9,0,300000,101,'Blue Blackjack for Tournaments',0,900.0000,'900'),
  (108,13,10,60000,300000,102,'Blue Blackjack for Tournaments',0,1000.0000,'1000'),
  (109,14,1,0,300000,93,'Blue Blackjack for Tournaments',0,100.0000,'100'),
  (110,14,2,0,300000,94,'Blue Blackjack for Tournaments',0,200.0000,'200'),
  (111,14,3,0,300000,95,'Blue Blackjack for Tournaments',0,300.0000,'300'),
  (112,14,4,0,300000,96,'Blue Blackjack for Tournaments',0,400.0000,'400'),
  (113,14,5,0,300000,97,'Blue Blackjack for Tournaments',0,500.0000,'500'),
  (114,14,6,0,300000,98,'Blue Blackjack for Tournaments',0,600.0000,'600'),
  (115,14,7,0,300000,99,'Blue Blackjack for Tournaments',0,700.0000,'700'),
  (116,14,8,0,300000,100,'Blue Blackjack for Tournaments',0,800.0000,'800'),
  (117,14,9,0,300000,101,'Blue Blackjack for Tournaments',0,900.0000,'900'),
  (118,14,10,60000,300000,102,'Blue Blackjack for Tournaments',0,1000.0000,'1000'),
  (119,15,1,0,600000,137,'Default Texas Holdem Poker',0,1.0000,'25/50'),
  (120,15,2,0,600000,138,'Default Texas Holdem Poker',0,1.0000,'50/100'),
  (121,15,3,0,600000,139,'Default Texas Holdem Poker',0,1.0000,'100/200'),
  (122,15,4,0,600000,140,'Default Texas Holdem Poker',0,1.0000,'200/400'),
  (123,15,5,600000,600000,141,'Default Texas Holdem Poker',0,1.0000,'400/800'),
  (124,15,6,0,600000,142,'Default Texas Holdem Poker',0,1.0000,'800/1600'),
  (125,15,7,0,600000,143,'Default Texas Holdem Poker',0,1.0000,'1.6K/3.2K'),
  (126,15,8,0,600000,145,'Default Texas Holdem Poker',0,1.0000,'3.2K/6.4K'),
  (127,15,9,0,600000,146,'Default Texas Holdem Poker',0,1.0000,'6.4K/12.8K'),
  (128,15,10,60000,600000,147,'Default Texas Holdem Poker',0,1.0000,'12.8K/25.6K'),
  (129,16,1,0,600000,119,'Default Texas Holdem Poker',0,1.0000,'25/50'),
  (130,16,2,0,600000,120,'Default Texas Holdem Poker',0,1.0000,'75/150'),
  (131,16,3,0,600000,121,'Default Texas Holdem Poker',0,1.0000,'200/400'),
  (132,16,4,0,600000,122,'Default Texas Holdem Poker',0,1.0000,'500/1000'),
  (133,16,5,60000,600000,123,'Default Texas Holdem Poker',0,1.0000,'1200/2400'),
  (134,17,1,0,300000,93,'Blue Blackjack for Tournaments',0,100.0000,'100'),
  (135,17,2,0,300000,94,'Blue Blackjack for Tournaments',0,200.0000,'200'),
  (136,17,3,0,300000,95,'Blue Blackjack for Tournaments',0,300.0000,'300'),
  (137,17,4,0,300000,96,'Blue Blackjack for Tournaments',0,400.0000,'400'),
  (138,17,5,0,300000,97,'Blue Blackjack for Tournaments',0,500.0000,'500'),
  (139,17,6,0,300000,98,'Blue Blackjack for Tournaments',0,600.0000,'600'),
  (140,17,7,0,300000,99,'Blue Blackjack for Tournaments',0,700.0000,'700'),
  (141,17,8,0,300000,100,'Blue Blackjack for Tournaments',0,800.0000,'800'),
  (142,17,9,0,300000,101,'Blue Blackjack for Tournaments',0,900.0000,'900'),
  (143,17,10,60000,300000,102,'Blue Blackjack for Tournaments',0,1000.0000,'1000'),
  (144,18,1,0,600000,119,'Default Texas Holdem Poker',0,1.0000,'25/50'),
  (145,18,2,0,600000,120,'Default Texas Holdem Poker',0,1.0000,'75/150'),
  (146,18,3,0,600000,121,'Default Texas Holdem Poker',0,1.0000,'200/400'),
  (147,18,4,0,600000,122,'Default Texas Holdem Poker',0,1.0000,'500/1000'),
  (148,18,5,60000,600000,123,'Default Texas Holdem Poker',0,1.0000,'1200/2400'),
  (149,20,1,0,300000,93,'Blue Blackjack for Tournaments',0,100.0000,'100'),
  (150,20,2,0,300000,94,'Blue Blackjack for Tournaments',0,200.0000,'200'),
  (151,20,3,0,300000,95,'Blue Blackjack for Tournaments',0,300.0000,'300'),
  (152,20,4,0,300000,96,'Blue Blackjack for Tournaments',0,400.0000,'400'),
  (153,20,5,0,300000,97,'Blue Blackjack for Tournaments',0,500.0000,'500'),
  (154,20,6,0,300000,98,'Blue Blackjack for Tournaments',0,600.0000,'600'),
  (155,20,7,0,300000,99,'Blue Blackjack for Tournaments',0,700.0000,'700'),
  (156,20,8,0,300000,100,'Blue Blackjack for Tournaments',0,800.0000,'800'),
  (157,20,9,0,300000,101,'Blue Blackjack for Tournaments',0,900.0000,'900'),
  (158,20,10,60000,300000,102,'Blue Blackjack for Tournaments',0,1000.0000,'1000'),
  (159,21,1,0,600000,119,'Default Texas Holdem Poker',0,1.0000,'25/50'),
  (160,21,2,0,600000,120,'Default Texas Holdem Poker',0,1.0000,'75/150'),
  (161,21,3,0,600000,121,'Default Texas Holdem Poker',0,1.0000,'200/400'),
  (162,21,4,0,600000,122,'Default Texas Holdem Poker',0,1.0000,'500/1000'),
  (163,21,5,60000,600000,123,'Default Texas Holdem Poker',0,1.0000,'1200/2400'),
  (164,22,1,0,300000,93,'Blue Blackjack for Tournaments',0,100.0000,'100'),
  (165,22,2,0,300000,94,'Blue Blackjack for Tournaments',0,200.0000,'200'),
  (166,22,3,0,300000,95,'Blue Blackjack for Tournaments',0,300.0000,'300'),
  (167,22,4,0,300000,96,'Blue Blackjack for Tournaments',0,400.0000,'400'),
  (168,22,5,0,300000,97,'Blue Blackjack for Tournaments',0,500.0000,'500'),
  (169,22,6,0,300000,98,'Blue Blackjack for Tournaments',0,600.0000,'600'),
  (170,22,7,0,300000,99,'Blue Blackjack for Tournaments',0,700.0000,'700'),
  (171,22,8,0,300000,100,'Blue Blackjack for Tournaments',0,800.0000,'800'),
  (172,22,9,0,300000,101,'Blue Blackjack for Tournaments',0,900.0000,'900'),
  (173,22,10,60000,300000,102,'Blue Blackjack for Tournaments',0,1000.0000,'1000')
#

TRUNCATE TABLE  TOURNAMENT_VARIATION_PAYOUT
#

INSERT INTO TOURNAMENT_VARIATION_PAYOUT (TOURNAMENT_VARIATION_PAYOUT_ID, TOURNAMENT_VARIATION_TEMPLATE_ID, RANK, PAYOUT, VERSION)
VALUES
  (1,1,1,0.50000000,0),
  (2,1,2,0.30000000,0),
  (3,1,3,0.20000000,0),
  (4,2,1,0.50000000,0),
  (5,2,2,0.30000000,0),
  (6,2,3,0.20000000,0),
  (7,3,1,0.50000000,0),
  (8,3,2,0.30000000,0),
  (9,3,3,0.20000000,0),
  (10,4,1,0.62500000,0),
  (11,4,2,0.25000000,0),
  (12,4,3,0.12500000,0),
  (13,5,1,0.62500000,0),
  (14,5,2,0.25000000,0),
  (15,5,3,0.12500000,0),
  (16,6,1,0.62500000,0),
  (17,6,2,0.25000000,0),
  (18,6,3,0.12500000,0),
  (19,7,1,0.50000000,0),
  (20,7,2,0.30000000,0),
  (21,7,3,0.20000000,0),
  (22,8,1,0.50000000,0),
  (23,8,2,0.30000000,0),
  (24,8,3,0.20000000,0),
  (25,9,1,0.50000000,0),
  (26,9,2,0.30000000,0),
  (27,9,3,0.20000000,0),
  (28,10,1,0.50000000,0),
  (29,10,2,0.30000000,0),
  (30,10,3,0.20000000,0),
  (31,11,1,0.50000000,0),
  (32,11,2,0.30000000,0),
  (33,11,3,0.20000000,0),
  (34,12,1,0.50000000,0),
  (35,12,2,0.30000000,0),
  (36,12,3,0.20000000,0),
  (37,13,1,0.50000000,0),
  (38,13,2,0.30000000,0),
  (39,13,3,0.20000000,0),
  (40,14,1,0.50000000,0),
  (41,14,2,0.30000000,0),
  (42,14,3,0.20000000,0),
  (43,15,1,0.50000000,0),
  (44,15,2,0.30000000,0),
  (45,15,3,0.20000000,0),
  (46,16,1,0.50000000,0),
  (47,16,2,0.30000000,0),
  (48,16,3,0.20000000,0),
  (49,17,1,0.50000000,0),
  (50,17,2,0.30000000,0),
  (51,17,3,0.20000000,0),
  (52,18,1,0.50000000,0),
  (53,18,2,0.30000000,0),
  (54,18,3,0.20000000,0),
  (58,20,1,0.50000000,0),
  (59,20,2,0.30000000,0),
  (60,20,3,0.20000000,0),
  (61,21,1,0.50000000,0),
  (62,21,2,0.30000000,0),
  (63,21,3,0.20000000,0),
  (64,22,1,0.50000000,0),
  (65,22,2,0.30000000,0),
  (66,22,3,0.20000000,0)
#

TRUNCATE TABLE  RECURRING_TOURNAMENT_DEFINITION
#

INSERT INTO RECURRING_TOURNAMENT_DEFINITION (DEFINITION_ID, INITIAL_SIGNUP_TIME, SIGNUP_PERIOD, FREQUENCY, TOURNAMENT_VARIATION_TEMPLATE_ID, TOURNAMENT_NAME, TOURNAMENT_DESCRIPTION, PARTNER_ID, EXCLUSION_PERIODS, ENABLED)
VALUES
  (1,'2012-07-06 07:00:00',14400000,3600000,7,'TEXAS HOLD\'EM','Feeling Lucky','PLAY_FOR_FUN','Monday@20:00-20:01,Tuesday@20:00-20:01,Wednesday@20:00-20:01,Thursday@20:00-20:01,Friday@20:00-20:01,Saturday@20:00-20:01,Sunday@13:59-23:59,Monday@00:00-02:01',1),
  (2,'2012-07-06 06:15:00',86400000,3600000,3,'BLACKJACK','Feeling Lucky','PLAY_FOR_FUN','Saturday@17:59-23:59,Sunday@00:00-06:01',1),
  (3,'2012-04-29 00:00:00',43200000,3600000,8,'TEXAS HOLD\'EM','400K Prize Special','PLAY_FOR_FUN','Sunday@18:01-23:59,Monday@00:00-23:59,Tuesday@00:00-23:59,Wednesday@00:00-23:59,Thursday@00:00-23:59,Friday@00:00-23:59,Saturday@00:00-23:59,Sunday@00:00-05:59,Sunday@11:59-12:01',1),
  (4,'2012-04-28 12:15:00',86400000,3600000,9,'BLACKJACK','400K Prize Special','PLAY_FOR_FUN','Sunday@06:01-23:59,Monday@00:00-23:59,Tuesday@00:00-23:59,Wednesday@00:00-23:59,Thursday@00:00-23:59,Friday@00:00-23:59,Saturday@00:00-17:59',1),
  (5,'2011-08-14 00:00:00',86400000,7200000,10,'TEXAS HOLD\'EM','Tournament Week 100K Special','PLAY_FOR_FUN','',0),
  (6,'2011-08-14 00:15:00',86400000,7200000,11,'BLACKJACK','Tournament Week 100K Special','PLAY_FOR_FUN','',0),
  (7,'2011-08-14 01:00:00',86400000,7200000,12,'TEXAS HOLD\'EM','Tournament Week 1 Million Chip Special','PLAY_FOR_FUN','',0),
  (8,'2011-08-14 01:15:00',86400000,7200000,13,'BLACKJACK','Tournament Week 1 Million Chip Special','PLAY_FOR_FUN','',0),
  (9,'2012-04-17 06:15:00',14400000,3600000,16,'TEXAS HOLD\'EM','100 Grand','PLAY_FOR_FUN','',1),
  (10,'2012-01-15 08:00:00',86400000,3600000,17,'BLACKJACK','10K Buy-In','PLAY_FOR_FUN','Monday@00:00-00:01,Tuesday@00:00-00:01,Wednesday@00:00-00:01,Thursday@00:00-00:01,Friday@00:00-00:01,Saturday@00:00-00:01,Sunday@00:00-00:01',1),
  (11,'2012-04-12 06:45:00',14400000,3600000,18,'TEXAS HOLD\'EM','Tycoon','PLAY_FOR_FUN','',1),
  (12,'2012-01-16 09:30:00',86400000,3600000,20,'BLACKJACK','50K Buy-In','PLAY_FOR_FUN','',1),
  (13,'2012-04-26 09:30:00',14400000,3600000,21,'TEXAS HOLD\'EM','50K Fortune','PLAY_FOR_FUN','',1),
  (14,'2012-04-26 09:45:00',86400000,3600000,22,'BLACKJACK','2.5K Buy-In','PLAY_FOR_FUN','',1),
  (15,'2012-02-16 18:00:00',86400000,86400000,10,'TEXAS HOLD\'EM','Millionaire','PLAY_FOR_FUN','',1),
  (16,'2012-02-16 18:00:00',86400000,86400000,11,'BLACKJACK','100K Buy-In','PLAY_FOR_FUN','',1)
#

SET FOREIGN_KEY_CHECKS = 1
#
